question,correct_answer,options,category,time,difficulty
What is the primary aim of penetration pricing?,To quickly gain market share,To maximize profit margins,To create a premium brand image,To discourage all competition,Pricing Strategies,Medium,Easy
How can mark-up be expressed?,As an absolute amount or a percentage,Only as a percentage,Only as an absolute amount,As a ratio of total revenue,Pricing Concepts,Short,Easy
In loss leader pricing, what happens to the price of the featured item?,It is set below the cost of production,It is set above the cost of production,It is set equal to the cost of production,It fluctuates with demand,Pricing Strategies,Medium,Easy
Why might a business use predatory pricing?,To eliminate competitors,To attract more customers,To increase overall profits,To comply with regulations,Pricing Strategies,Medium,Medium
What is a potential consequence of predatory pricing?,Price wars,Increased competition,Lower prices for consumers in the long term,More choices for consumers,Pricing Consequences,Medium,Medium
What is a key characteristic of premium pricing?,Prices are significantly higher,Prices are significantly lower,Prices are identical to competitors,Prices change frequently,Pricing Strategies,Short,Easy
What is the core idea behind competitive pricing?,Matching competitor's prices,Undercutting competitor's prices,Always having the highest prices,Ignoring competitor's prices,Pricing Strategies,Short,Easy
What must contribution pricing ensure?,A positive contribution towards indirect costs,Coverage of all costs,Maximization of profit,Minimization of direct costs,Pricing Strategies,Medium,Medium
What does price elasticity of demand measure?,The responsiveness of demand to price changes,The change in price over time,The relationship between cost and price,The impact of marketing on price,Economic Concepts,Medium,Medium
What is the defining feature of a price war?,Continuous and intensive price cuts,Stable prices,Gradual price increases,Collusion on prices,Pricing Dynamics,Medium,Medium
What are pricing methods?,Ways of setting the amount customers pay,Methods of calculating production costs,Strategies for maximizing profit,Techniques for market research,Pricing Concepts,Short,Easy
What is the purpose of setting prices?,To determine the value of a good or service,To calculate production expenses,To establish a brand image,To manage employee wages,Pricing Fundamentals,Short,Easy
What is the formula for cost-plus pricing?,Cost per unit + profit margin,Revenue - expenses,Fixed costs + variable costs,Price - discount,Pricing Methods,Medium,Easy
What factor influences dynamic pricing?,Changing market demand,Stable production costs,Competitor's pricing,Government regulations,Pricing Factors,Medium,Easy
What is the immediate goal of penetration pricing?,Market entry,Profit maximization,Brand building,Cost recovery,Pricing Objectives,Short,Easy
How does loss leader pricing affect other products?,It encourages customers to buy other products,It decreases the sales of other products,It has no impact on other products,It makes other products less profitable,Pricing Effects,Medium,Medium
What is the risk associated with predatory pricing?,It can lead to illegality,It always benefits the company,It guarantees long-term success,It is always welcomed by consumers,Pricing Risks,Medium,Medium
What distinguishes premium pricing from other strategies?,The focus on higher quality or uniqueness,The focus on lower prices,The focus on matching competitors,The focus on rapid price changes,Pricing Differentiation,Medium,Easy
Why do businesses engage in competitive pricing?,To maintain a similar market position,To gain a competitive advantage,To maximize profits regardless of competition,To avoid any price changes,Pricing Rationale,Medium,Easy
What is the primary concern in contribution pricing?,Covering indirect costs,Maximizing profit,Minimizing losses,Matching competitor's prices,Pricing Focus,Medium,Medium
How does knowledge of price elasticity of demand assist businesses?,It helps in making informed pricing decisions,It helps in reducing production costs,It helps in increasing advertising effectiveness,It helps in predicting competitor actions,Pricing Utility,Medium,Medium
What is the ultimate outcome of a price war?,Threatening competitor's competitiveness,Increased profits for all businesses,Stable market prices,Increased customer loyalty,Pricing Warfare,Medium,Medium
What does the term 'price' represent?,The amount paid by a customer,The cost of materials,The value of labor,The overall expense of production,Pricing Definition,Short,Easy
What is the first step in cost-plus pricing?,Determining the cost per unit output,Estimating market demand,Analyzing competitor prices,Calculating total revenue,Pricing Process,Medium,Easy
What is the main characteristic of dynamic pricing in practice?,Varying prices,Fixed prices,Discounted prices,Uniform prices,Pricing Application,Medium,Easy
What is an example of a business that might use dynamic pricing?,Taxi operators,Grocery stores,Clothing retailers,Car manufacturers,Business Examples,Medium,Easy